day,linear_regression,ridge_regression,random_forest,arimax,xgboost
43,105.07093577782504,100.76539309520317,85.91837646275292,83.79004038911579,86.23414
44,94.72676521060451,91.15368826671003,85.8519478552493,83.79004038911579,86.23414
45,87.03756937810613,84.87872150628299,85.8519478552493,83.79004038911579,86.23414
46,92.66015965284429,90.0456894405857,85.8519478552493,83.79004038911579,86.23414
47,85.27421010465417,83.497695654629,85.8519478552493,83.79004038911579,86.23414
48,88.22178854626362,86.34052963630445,85.8519478552493,83.79004038911579,86.23414
49,91.8260869573231,89.4070032839967,85.8519478552493,83.79004038911579,86.23414
