day,linear_regression,ridge_regression,random_forest,arimax,xgboost
43,84.86874454158983,82.96470428290274,85.91009498728394,83.79004038911579,86.21834
44,84.81888254588137,82.91732584401588,85.84366637978033,83.79004038911579,86.21834
45,84.71814373936604,82.87824233997901,85.84366637978033,83.79004038911579,86.21834
46,84.61195754125959,82.8369398605088,85.84366637978033,83.79004038911579,86.21834
47,84.50548445697856,82.795622337275,85.84366637978033,83.79004038911579,86.21834
48,84.3989962638742,82.75430471205051,85.84366637978033,83.79004038911579,86.21834
49,84.29250727506562,82.71298708613456,85.84366637978033,83.79004038911579,86.21834
