day,linear_regression,ridge_regression,random_forest,arimax,xgboost
43,84.818741690784,83.21140601035805,85.91837646275292,83.79004038911579,86.23414
44,84.76555561491489,83.1895532510301,85.8519478552493,83.79004038911579,86.23414
45,84.68612044877344,83.16452626959256,85.8519478552493,83.79004038911579,86.23414
46,84.60310239904739,83.13718047860755,85.8519478552493,83.79004038911579,86.23414
47,84.51997726961028,83.10985388281169,85.8519478552493,83.79004038911579,86.23414
48,84.43684893993954,83.08252712811738,85.8519478552493,83.79004038911579,86.23414
49,84.35372051462515,83.05520037473842,85.8519478552493,83.79004038911579,86.23414
